id,customer_id,payment_method,transaction_date
1,529,Cash,"1986-09-21 02:40:53"
2,137,Online,"1991-07-22 12:49:50"
3,896,Online,"1988-02-06 08:13:41"
4,295,Online,"1991-09-15 19:10:47"
5,896,Cash,"1975-01-05 19:31:20"
6,892,Cash,"1986-06-26 03:27:33"
7,330,Online,"2006-03-27 23:40:50"
8,138,Cash,"1996-02-28 17:06:17"
9,246,"Credit Card","2007-11-14 09:30:28"
10,463,Online,"2013-11-14 08:06:13"
11,416,Online,"1973-11-11 02:16:09"
12,263,"Credit Card","1990-08-18 15:52:14"
13,24,Online,"1983-11-26 04:46:05"
14,44,Cash,"1996-10-08 19:39:40"
15,532,"Credit Card","2001-04-26 22:15:02"
16,819,Cash,"1994-05-14 03:44:36"
17,464,Online,"2014-04-05 05:01:01"
18,623,Online,"1988-08-20 21:34:04"
19,299,Cash,"2010-01-05 18:25:18"
20,298,"Credit Card","1980-03-17 09:27:54"
21,212,Cash,"2022-06-29 16:37:17"
22,135,Cash,"1984-05-08 18:35:51"
23,714,"Credit Card","1978-11-25 13:51:33"
24,567,Cash,"1993-10-25 15:55:00"
25,549,"Credit Card","1998-10-19 00:44:48"
26,50,Online,"1980-01-23 02:37:17"
27,744,"Credit Card","1972-08-11 13:48:49"
28,334,Cash,"2000-02-27 14:23:23"
29,855,"Credit Card","2014-01-24 15:07:18"
30,589,Cash,"1972-05-23 13:04:25"
31,984,Cash,"1999-09-20 19:52:35"
32,689,Online,"1987-06-15 07:01:16"
33,977,Cash,"2013-08-28 15:11:01"
34,81,Online,"2003-12-06 20:49:34"
35,422,"Credit Card","2006-06-17 13:05:16"
36,47,"Credit Card","1970-08-13 06:32:45"
37,987,Online,"2004-08-03 14:52:51"
38,301,Online,"1977-02-08 06:40:18"
39,860,Online,"2014-04-22 00:59:45"
40,285,"Credit Card","1981-06-19 16:56:08"
41,29,"Credit Card","1997-03-05 06:37:29"
42,854,Online,"1979-05-31 22:46:45"
43,534,Online,"1974-03-17 05:15:33"
44,659,Online,"1980-05-13 22:50:19"
45,722,"Credit Card","1999-12-20 19:39:34"
46,925,"Credit Card","1976-11-23 15:39:08"
47,311,Cash,"1995-12-08 02:58:55"
48,178,Online,"2000-09-20 05:08:02"
49,149,Online,"1978-06-05 23:46:31"
50,143,Cash,"1987-10-09 22:04:20"
51,441,Cash,"1981-11-10 12:50:23"
52,240,"Credit Card","1992-12-05 04:56:09"
53,708,"Credit Card","1971-12-01 12:00:26"
54,914,"Credit Card","2022-02-14 04:16:16"
55,204,Cash,"1984-10-18 10:21:13"
56,28,"Credit Card","2003-04-26 14:24:49"
57,427,"Credit Card","1981-10-17 22:37:32"
58,797,"Credit Card","1996-07-05 11:52:31"
59,889,Online,"2001-09-08 00:48:29"
60,814,Online,"1995-06-17 19:05:13"
61,573,Cash,"1977-06-16 19:17:29"
62,535,"Credit Card","2003-12-27 14:53:11"
63,821,Online,"2019-10-01 23:24:06"
64,498,Online,"1978-05-01 04:50:46"
65,505,Online,"1997-02-17 18:58:08"
66,321,Cash,"1982-02-22 20:53:27"
67,537,Cash,"2022-08-14 07:17:36"
68,777,Cash,"2005-08-22 14:10:08"
69,193,Online,"2008-05-07 17:53:37"
70,462,"Credit Card","1977-10-15 02:36:55"
71,130,"Credit Card","1990-12-02 21:14:55"
72,125,Online,"2017-09-28 19:16:39"
73,886,"Credit Card","2001-07-27 06:24:28"
74,847,Cash,"1988-04-26 19:18:32"
75,653,Cash,"2010-06-08 18:30:37"
76,942,"Credit Card","1977-07-28 22:57:48"
77,689,"Credit Card","2009-09-26 23:09:23"
78,959,Cash,"2017-02-23 03:52:52"
79,827,Cash,"2022-10-13 22:33:32"
80,406,Cash,"2022-04-19 00:19:19"
81,451,"Credit Card","1992-10-09 15:42:22"
82,811,Online,"2017-02-22 05:56:02"
83,2,"Credit Card","1983-03-20 13:32:50"
84,21,Cash,"2019-08-21 08:30:37"
85,399,Cash,"1983-06-23 18:03:57"
86,713,"Credit Card","1993-04-23 06:06:25"
87,87,"Credit Card","2015-08-01 04:35:11"
88,435,"Credit Card","2014-11-21 11:30:36"
89,67,"Credit Card","1975-01-16 14:58:08"
90,240,"Credit Card","1972-01-31 04:27:34"
91,889,Online,"2009-12-11 16:07:52"
92,556,Cash,"1989-04-23 03:09:32"
93,830,"Credit Card","2018-11-24 14:55:42"
94,446,Cash,"1986-01-25 04:24:32"
95,531,Online,"2019-03-10 14:25:49"
96,555,"Credit Card","1978-06-02 10:18:41"
97,975,Online,"1974-12-26 11:44:53"
98,84,Online,"1974-09-10 08:02:21"
99,971,Cash,"1999-05-10 10:41:31"
100,705,Cash,"2016-04-14 01:35:34"
101,982,Cash,"2016-07-15 21:03:50"
102,741,Online,"2011-03-20 13:04:37"
103,593,Cash,"2003-01-04 22:40:17"
104,694,"Credit Card","2012-10-27 09:32:32"
105,35,"Credit Card","1974-12-09 01:11:56"
106,440,"Credit Card","2015-04-05 23:46:56"
107,457,Online,"2020-01-21 18:17:43"
108,344,"Credit Card","1994-08-03 18:01:06"
109,600,Online,"1974-11-21 20:42:02"
110,311,Online,"1981-01-17 13:55:28"
111,17,Cash,"2016-09-27 20:12:35"
112,216,Online,"1991-06-12 07:52:21"
113,708,Online,"1991-02-20 17:05:34"
114,767,"Credit Card","1989-01-16 23:40:12"
115,266,"Credit Card","2022-07-22 04:47:23"
116,384,Cash,"2007-11-07 19:02:32"
117,358,Online,"1999-09-25 10:35:34"
118,977,"Credit Card","2010-01-07 08:18:26"
119,152,"Credit Card","2021-11-22 12:04:22"
120,299,Online,"2002-10-04 11:38:57"
121,609,Cash,"1970-10-30 10:08:05"
122,398,Cash,"2023-05-29 20:37:01"
123,434,Cash,"2005-06-15 11:44:47"
124,102,Online,"2007-06-17 21:46:33"
125,696,Cash,"1992-01-27 12:03:11"
126,972,Online,"1995-10-20 03:01:37"
127,265,Online,"1976-10-12 05:09:27"
128,555,Online,"2015-03-22 09:55:06"
129,209,Online,"2008-01-07 16:16:16"
130,715,"Credit Card","2022-12-06 06:14:11"
131,589,"Credit Card","1983-04-24 21:15:21"
132,339,"Credit Card","1995-06-18 08:55:53"
133,870,Cash,"1989-03-29 23:24:39"
134,51,"Credit Card","1984-07-03 16:36:13"
135,281,Cash,"1990-06-06 12:49:42"
136,143,"Credit Card","1978-11-25 00:26:02"
137,317,Online,"1970-02-08 16:01:57"
138,404,Online,"2016-09-03 04:32:21"
139,440,Online,"2019-11-18 20:37:12"
140,748,"Credit Card","2000-06-15 20:32:48"
141,384,Online,"2022-08-31 12:17:26"
142,32,Cash,"1978-10-26 07:43:25"
143,913,"Credit Card","2018-06-24 10:12:51"
144,206,Cash,"2013-10-27 16:01:01"
145,769,"Credit Card","1971-12-14 02:16:37"
146,537,Online,"1996-09-18 13:34:12"
147,513,Online,"2009-06-22 00:43:03"
148,350,Online,"2012-11-17 20:18:04"
149,734,Cash,"2019-12-07 07:43:04"
150,577,Online,"1994-04-20 13:39:50"
151,413,Online,"1978-11-16 16:23:52"
152,120,Online,"1995-05-18 08:57:50"
153,647,Online,"1992-05-11 23:05:47"
154,640,Cash,"1981-09-13 05:43:40"
155,876,Online,"2022-09-27 21:14:52"
156,808,Online,"2000-09-30 03:03:24"
157,759,Online,"2013-12-29 18:56:33"
158,936,"Credit Card","2000-01-20 23:43:56"
159,329,Cash,"2017-10-02 17:36:43"
160,241,Online,"2017-08-16 03:28:45"
161,372,Online,"1977-11-27 11:23:14"
162,609,Cash,"1995-04-15 15:59:39"
163,449,Online,"1993-09-13 10:37:42"
164,888,"Credit Card","1985-04-12 04:44:16"
165,204,"Credit Card","2000-02-04 22:31:51"
166,157,"Credit Card","1994-10-25 19:13:30"
167,693,Online,"2005-12-27 20:57:02"
168,717,Online,"2011-02-15 04:24:05"
169,306,"Credit Card","1977-07-09 18:46:59"
170,753,Cash,"2017-06-10 11:10:19"
171,806,"Credit Card","2012-08-06 20:43:37"
172,511,"Credit Card","1991-12-08 21:47:09"
173,310,Cash,"2007-07-29 05:34:12"
174,452,Cash,"1990-01-27 15:56:21"
175,64,Cash,"1978-08-03 14:50:23"
176,781,"Credit Card","2016-06-07 14:16:45"
177,308,Online,"2000-11-06 21:28:40"
178,250,"Credit Card","1982-03-01 09:19:24"
179,287,Online,"1997-10-20 20:07:48"
180,38,"Credit Card","2014-10-05 06:12:43"
181,389,"Credit Card","1985-11-23 23:21:40"
182,462,Cash,"1975-04-03 08:22:51"
183,477,"Credit Card","2015-08-26 07:25:45"
184,13,Online,"1977-05-20 11:18:50"
185,905,"Credit Card","2020-05-23 05:03:51"
186,778,"Credit Card","1998-11-25 23:14:39"
187,258,Cash,"1983-06-04 21:48:48"
188,723,Online,"1984-03-20 02:31:32"
189,298,Online,"1999-05-09 03:08:30"
190,271,"Credit Card","1990-02-03 09:36:41"
191,618,Cash,"1979-01-17 23:27:28"
192,226,Online,"1985-02-12 10:15:14"
193,729,Cash,"2017-12-19 11:42:59"
194,603,"Credit Card","2022-11-01 00:42:57"
195,52,Cash,"2016-10-17 11:04:26"
196,532,Online,"2023-05-18 00:00:55"
197,11,Online,"1997-06-24 10:05:11"
198,826,"Credit Card","2009-08-22 04:11:21"
199,943,"Credit Card","2019-11-03 18:50:11"
200,351,"Credit Card","1989-04-01 12:45:55"
201,187,Cash,"2006-03-10 03:00:38"
202,584,Cash,"2022-05-17 15:08:04"
203,435,"Credit Card","1996-08-02 17:03:28"
204,820,Cash,"2017-09-29 20:33:22"
205,951,Online,"1989-10-23 15:14:40"
206,89,Cash,"1995-07-12 00:21:00"
207,816,Online,"2007-06-16 02:20:25"
208,357,Cash,"2010-04-03 23:43:13"
209,911,Online,"2011-05-23 22:49:36"
210,470,Online,"2015-02-21 03:02:31"
211,524,Cash,"1998-05-15 17:24:09"
212,551,"Credit Card","1980-09-22 14:45:36"
213,467,Online,"1995-09-25 05:01:27"
214,650,Cash,"1974-09-27 20:16:13"
215,911,Online,"1980-02-23 03:42:12"
216,738,Cash,"2014-07-13 19:10:17"
217,231,"Credit Card","2013-07-18 09:06:46"
218,482,"Credit Card","2014-04-21 08:00:24"
219,623,Cash,"1971-12-08 22:40:02"
220,493,"Credit Card","2009-11-30 13:22:55"
221,940,"Credit Card","1993-09-22 05:36:18"
222,597,"Credit Card","1974-11-18 01:55:40"
223,543,Online,"1979-03-02 02:00:56"
224,228,Cash,"1992-02-23 04:14:42"
225,746,"Credit Card","2023-08-01 04:10:37"
226,222,"Credit Card","2021-03-28 02:18:53"
227,862,Cash,"2006-02-25 03:59:38"
228,199,Cash,"2003-03-19 08:49:35"
229,431,Cash,"1975-08-05 06:57:41"
230,535,Online,"1998-06-09 02:15:22"
231,13,Online,"1986-12-17 14:29:32"
232,854,Online,"1978-11-16 12:17:41"
233,13,Online,"1986-10-09 09:43:46"
234,746,Online,"2022-10-23 05:33:21"
235,594,Online,"1984-08-25 21:53:44"
236,558,Online,"1988-11-22 00:38:26"
237,549,"Credit Card","2006-11-27 11:31:51"
238,474,"Credit Card","1987-06-16 15:44:33"
239,216,Online,"1996-12-19 07:30:53"
240,578,Cash,"1996-11-17 18:29:07"
241,625,"Credit Card","2012-02-12 10:17:12"
242,839,Online,"1988-10-07 18:21:12"
243,859,"Credit Card","2000-08-05 23:01:05"
244,945,Cash,"1983-04-16 21:09:29"
245,217,Cash,"2008-01-30 22:05:04"
246,417,Cash,"1986-02-24 08:43:45"
247,443,"Credit Card","2022-11-14 06:02:36"
248,138,Online,"2016-03-13 05:23:19"
249,969,Online,"1987-11-17 09:01:36"
250,417,"Credit Card","1974-05-30 04:48:05"
251,407,Cash,"2009-04-11 22:44:11"
252,166,"Credit Card","1981-07-29 09:49:59"
253,610,Online,"2001-09-02 17:32:52"
254,997,Cash,"1995-08-07 22:39:10"
255,62,"Credit Card","1999-01-26 00:53:43"
256,130,"Credit Card","1974-01-31 07:07:59"
257,462,"Credit Card","1983-06-16 02:03:44"
258,803,Cash,"1995-07-11 10:50:12"
259,971,Cash,"1998-04-23 18:13:23"
260,21,Online,"2019-01-01 19:21:13"
261,303,"Credit Card","1977-09-10 06:12:30"
262,268,"Credit Card","2006-11-04 18:50:49"
263,536,Cash,"1992-12-03 11:43:56"
264,729,Online,"1970-02-02 19:31:25"
265,463,"Credit Card","1998-12-18 14:57:12"
266,779,Cash,"2021-01-16 15:03:32"
267,543,Cash,"1970-09-08 01:12:00"
268,73,Cash,"1983-10-19 15:03:49"
269,80,Cash,"1975-04-16 13:30:37"
270,113,Cash,"2011-06-21 12:04:23"
271,750,Cash,"1978-10-03 04:44:04"
272,272,Cash,"1996-07-06 14:01:57"
273,902,Online,"1977-07-13 11:03:41"
274,895,"Credit Card","1974-07-25 03:59:13"
275,509,Cash,"1978-05-09 18:28:51"
276,811,"Credit Card","2004-02-04 01:47:17"
277,428,Online,"2018-09-24 19:37:54"
278,33,Cash,"1997-09-20 03:27:43"
279,227,Online,"1973-07-22 09:33:31"
280,358,"Credit Card","1977-06-04 04:00:50"
281,533,Cash,"1995-06-26 00:57:16"
282,552,Online,"2000-07-13 18:22:39"
283,89,Cash,"2017-08-03 07:02:34"
284,155,Online,"1970-03-14 20:21:38"
285,43,Cash,"1976-07-08 09:16:26"
286,716,Online,"1977-09-06 18:19:48"
287,30,Online,"1977-10-12 00:54:32"
288,452,"Credit Card","2021-12-14 05:51:12"
289,994,Online,"1976-01-24 09:06:49"
290,555,Online,"2016-05-22 18:22:21"
291,377,"Credit Card","2001-12-25 06:05:40"
292,79,Cash,"1981-10-22 13:19:38"
293,873,"Credit Card","2009-02-02 07:06:42"
294,100,Online,"1983-05-09 10:09:41"
295,314,Cash,"1985-09-27 17:49:12"
296,394,Online,"1990-01-22 04:28:32"
297,521,Online,"1998-05-03 14:00:47"
298,710,Cash,"2009-05-26 20:45:12"
299,963,Online,"1972-11-05 19:22:35"
300,688,"Credit Card","2005-06-26 22:11:00"
301,615,"Credit Card","2010-03-03 01:08:39"
302,785,"Credit Card","1996-03-21 19:40:43"
303,607,"Credit Card","2016-01-20 08:00:21"
304,781,"Credit Card","1986-11-29 03:35:21"
305,784,Cash,"2015-07-22 19:00:10"
306,762,Online,"2000-11-14 21:16:03"
307,857,"Credit Card","2002-04-18 05:30:47"
308,278,"Credit Card","1978-02-05 17:27:32"
309,874,Online,"1972-09-20 22:03:10"
310,12,Cash,"1974-02-05 22:05:50"
311,571,"Credit Card","1992-04-03 02:33:55"
312,526,"Credit Card","1981-07-16 00:27:34"
313,247,Online,"1982-12-06 20:18:57"
314,137,"Credit Card","1979-08-13 15:09:41"
315,424,Cash,"1972-09-30 11:56:28"
316,551,Cash,"1988-02-22 06:30:51"
317,333,Cash,"1988-09-16 13:49:28"
318,529,Online,"2023-04-28 12:51:57"
319,315,Online,"2021-06-07 14:59:50"
320,989,Online,"2005-07-02 09:16:37"
321,431,Online,"2008-04-07 15:17:19"
322,883,"Credit Card","2018-08-02 19:50:36"
323,910,"Credit Card","2009-04-30 22:28:18"
324,752,Cash,"1989-04-06 17:00:18"
325,633,Online,"2004-09-17 19:11:40"
326,952,"Credit Card","1995-05-22 11:07:11"
327,130,Cash,"2007-05-05 12:05:33"
328,173,Cash,"2017-02-25 12:28:12"
329,974,Online,"2015-01-18 09:45:36"
330,726,"Credit Card","1996-02-13 13:53:12"
331,803,Online,"2022-01-11 23:17:42"
332,24,Cash,"2010-09-02 03:17:50"
333,805,"Credit Card","1995-03-05 07:36:33"
334,544,Cash,"2008-06-20 16:26:00"
335,797,Online,"1993-12-15 17:22:41"
336,396,Online,"1982-05-23 01:46:26"
337,995,"Credit Card","2023-02-09 06:46:25"
338,922,Online,"2016-09-29 22:17:08"
339,878,Online,"2004-12-03 08:24:14"
340,397,Cash,"1992-10-29 17:55:07"
341,545,"Credit Card","1991-02-08 06:48:36"
342,474,Online,"2012-12-16 10:50:05"
343,133,Online,"1996-01-21 07:32:32"
344,497,Online,"1983-03-23 03:24:29"
345,54,"Credit Card","2019-04-19 14:02:20"
346,159,"Credit Card","2012-12-31 20:34:43"
347,596,Online,"1971-03-05 09:43:38"
348,583,Online,"2022-10-01 22:34:44"
349,969,"Credit Card","1998-06-20 14:23:42"
350,988,Cash,"2000-10-24 09:01:47"
351,613,Cash,"1972-01-15 21:39:22"
352,405,Online,"2016-01-10 08:03:18"
353,578,Cash,"1989-09-02 10:54:36"
354,667,Online,"1992-01-26 19:06:21"
355,935,Cash,"1984-03-24 23:00:18"
356,172,"Credit Card","1976-07-13 02:38:56"
357,357,Cash,"2021-09-28 10:00:39"
358,173,Cash,"1972-03-06 12:55:30"
359,924,Online,"1999-12-16 12:15:12"
360,752,"Credit Card","2011-10-04 06:42:03"
361,466,Cash,"1971-03-25 20:01:13"
362,244,"Credit Card","1975-02-01 17:20:01"
363,500,"Credit Card","2007-05-22 06:26:38"
364,119,Online,"1986-09-13 17:50:06"
365,897,"Credit Card","1988-06-12 07:35:29"
366,921,"Credit Card","1973-01-15 02:21:09"
367,73,"Credit Card","1988-07-13 17:48:18"
368,995,Cash,"2013-12-06 09:57:51"
369,953,"Credit Card","2019-12-15 17:06:17"
370,480,"Credit Card","2011-12-10 19:14:47"
371,149,Cash,"1994-07-10 12:32:56"
372,783,"Credit Card","2014-05-16 17:57:22"
373,227,"Credit Card","2019-10-17 10:12:11"
374,246,Online,"2021-11-10 22:39:55"
375,112,Online,"1977-12-12 12:32:15"
376,134,Online,"1992-09-20 12:39:57"
377,860,"Credit Card","1982-06-26 22:56:14"
378,709,Cash,"2020-12-19 22:39:54"
379,646,"Credit Card","1997-02-26 01:27:18"
380,197,Online,"1973-12-07 05:46:01"
381,734,"Credit Card","1993-10-28 14:36:55"
382,447,Online,"1993-03-13 21:23:07"
383,1000,"Credit Card","1971-01-23 19:05:41"
384,601,Online,"2000-01-20 17:10:59"
385,510,"Credit Card","1982-05-30 18:16:40"
386,283,Online,"1985-08-26 15:54:10"
387,59,Cash,"2004-12-20 15:21:39"
388,913,Online,"2023-02-08 04:43:37"
389,645,Cash,"2000-04-07 04:23:08"
390,129,"Credit Card","1983-11-15 00:23:30"
391,230,"Credit Card","2012-08-30 04:43:41"
392,666,"Credit Card","1988-12-19 12:49:42"
393,950,Online,"1993-01-16 19:10:13"
394,888,Online,"1984-06-28 22:05:15"
395,242,Cash,"1977-06-27 01:46:12"
396,898,"Credit Card","1993-10-27 07:01:15"
397,807,Online,"2000-04-03 05:02:53"
398,201,"Credit Card","1981-03-25 12:34:04"
399,279,"Credit Card","2004-01-06 03:05:43"
400,909,"Credit Card","1985-07-25 09:57:48"
401,612,Cash,"2021-03-06 19:53:24"
402,363,Online,"2011-06-23 07:42:56"
403,193,"Credit Card","1976-09-20 06:40:02"
404,234,Online,"1976-06-11 09:19:43"
405,22,"Credit Card","2014-04-15 00:04:05"
406,246,"Credit Card","1986-10-29 01:28:37"
407,165,Online,"2018-10-22 07:21:03"
408,448,Online,"1981-10-14 06:26:06"
409,24,"Credit Card","2007-06-08 01:07:51"
410,854,"Credit Card","1970-01-02 03:13:31"
411,905,"Credit Card","1993-09-03 21:52:34"
412,219,Online,"2023-11-11 12:24:43"
413,850,"Credit Card","2019-01-07 13:23:55"
414,71,"Credit Card","1986-04-07 19:00:41"
415,203,Cash,"2011-11-03 10:07:08"
416,480,Online,"2017-07-28 21:06:11"
417,384,Online,"1971-04-22 14:02:21"
418,538,"Credit Card","2014-10-03 09:15:03"
419,271,"Credit Card","1996-02-09 05:29:37"
420,468,Online,"2001-07-09 12:46:51"
421,301,"Credit Card","2009-05-08 11:51:28"
422,184,Cash,"2015-08-01 07:34:48"
423,109,"Credit Card","2017-05-18 04:10:11"
424,895,"Credit Card","2019-11-10 07:44:20"
425,656,Cash,"2012-05-31 23:44:30"
426,74,Cash,"2015-12-07 13:54:20"
427,408,Online,"1983-07-11 06:25:34"
428,596,"Credit Card","1996-11-03 22:49:20"
429,893,"Credit Card","2023-03-27 18:05:28"
430,414,Online,"2008-12-29 04:22:06"
431,260,"Credit Card","1978-07-05 13:18:52"
432,771,Online,"1975-10-03 10:07:04"
433,622,"Credit Card","2002-11-12 22:16:16"
434,578,"Credit Card","2009-12-28 17:52:55"
435,717,"Credit Card","1994-04-28 16:31:49"
436,320,Online,"2011-08-09 01:07:47"
437,365,Online,"2014-12-24 22:17:13"
438,814,"Credit Card","2007-08-05 09:26:02"
439,483,"Credit Card","1978-06-05 14:24:53"
440,507,Online,"2005-09-06 22:28:57"
441,184,Cash,"1994-01-02 21:50:34"
442,43,Cash,"1993-12-28 18:00:08"
443,281,"Credit Card","2010-11-20 18:27:55"
444,323,"Credit Card","2005-02-12 07:00:35"
445,378,Cash,"2008-09-12 16:05:31"
446,900,Online,"1989-08-09 22:46:58"
447,961,Online,"2010-01-28 06:48:37"
448,290,Online,"2008-05-31 20:59:54"
449,421,Cash,"2023-09-09 23:08:07"
450,624,Online,"1998-12-18 03:36:00"
451,234,"Credit Card","1985-10-22 08:18:29"
452,399,"Credit Card","1979-05-21 08:58:09"
453,672,"Credit Card","1991-04-03 11:08:08"
454,580,Online,"1986-07-03 01:36:35"
455,456,Cash,"1988-06-01 14:11:26"
456,995,Cash,"1999-05-10 16:25:12"
457,719,Online,"1995-02-25 00:40:06"
458,58,"Credit Card","2011-12-14 11:25:55"
459,538,Cash,"1988-03-10 11:26:26"
460,264,Cash,"1974-11-03 05:27:20"
461,358,"Credit Card","2021-02-22 07:25:13"
462,873,Online,"2010-11-16 12:26:50"
463,87,"Credit Card","1977-10-01 05:19:22"
464,158,"Credit Card","1977-10-24 23:26:35"
465,360,"Credit Card","1994-08-09 11:50:29"
466,108,"Credit Card","2013-09-06 10:17:57"
467,320,Cash,"1973-07-22 14:22:16"
468,239,"Credit Card","1977-03-29 06:08:16"
469,64,"Credit Card","2020-06-05 07:38:08"
470,49,Online,"1980-04-10 19:31:52"
471,507,Cash,"1993-09-12 06:55:20"
472,875,"Credit Card","2020-09-23 08:43:02"
473,446,Cash,"1995-03-26 03:14:56"
474,756,Online,"2017-05-13 21:47:36"
475,567,Online,"2010-09-22 00:07:32"
476,653,"Credit Card","2021-03-26 08:22:55"
477,178,Online,"2007-12-04 18:44:44"
478,10,Cash,"2020-03-01 17:05:23"
479,885,"Credit Card","1975-08-05 14:06:10"
480,686,Cash,"1987-11-08 21:55:16"
481,107,"Credit Card","1990-04-24 08:43:13"
482,884,"Credit Card","1987-11-17 17:21:59"
483,795,Cash,"2023-11-24 07:48:24"
484,576,Online,"1993-07-15 01:43:52"
485,997,Cash,"2004-01-24 19:19:33"
486,776,"Credit Card","2011-06-03 22:03:22"
487,389,"Credit Card","1986-11-14 10:23:40"
488,792,"Credit Card","1997-07-30 15:48:34"
489,61,"Credit Card","1983-02-21 08:10:10"
490,929,"Credit Card","1993-11-24 11:08:12"
491,583,"Credit Card","2012-01-09 03:26:53"
492,333,"Credit Card","1976-04-05 02:34:59"
493,41,"Credit Card","2023-05-08 12:42:26"
494,650,"Credit Card","2018-12-12 19:17:10"
495,377,Online,"2014-08-27 07:58:07"
496,663,Cash,"1987-04-26 02:55:21"
497,141,Online,"2010-12-29 07:45:39"
498,286,Cash,"1987-08-15 02:34:48"
499,756,Cash,"1991-12-22 03:21:14"
500,86,"Credit Card","2017-07-15 16:03:04"
501,226,"Credit Card","2022-01-02 06:13:55"
502,411,Cash,"1972-03-24 04:14:29"
503,808,Online,"2013-12-23 16:54:34"
504,740,Cash,"1999-07-06 17:04:42"
505,846,"Credit Card","1990-11-15 17:35:51"
506,568,Cash,"2019-08-15 17:29:08"
507,824,Cash,"2008-09-10 23:54:05"
508,633,Cash,"1978-03-17 15:03:06"
509,278,Cash,"1983-05-17 09:38:58"
510,396,Cash,"1990-05-02 08:25:30"
511,795,Cash,"2017-08-23 19:31:02"
512,839,Cash,"2011-08-03 16:54:54"
513,965,Cash,"1975-01-03 12:26:57"
514,355,Online,"2022-07-18 16:49:04"
515,774,Online,"2020-12-21 00:46:03"
516,902,Cash,"1981-03-25 22:39:08"
517,142,"Credit Card","1995-04-14 00:48:19"
518,356,Cash,"1993-07-25 01:18:19"
519,546,"Credit Card","1977-07-16 09:43:56"
520,28,Cash,"2004-02-22 07:49:19"
521,34,Cash,"1973-06-30 03:48:03"
522,841,Online,"2013-09-06 11:17:30"
523,27,Online,"2018-01-07 12:17:15"
524,756,Cash,"1989-01-24 15:42:07"
525,138,Online,"2006-12-15 15:04:42"
526,280,"Credit Card","1975-09-17 23:10:25"
527,326,Online,"2001-12-23 12:58:42"
528,434,Online,"2015-06-21 10:34:28"
529,624,"Credit Card","1977-01-29 23:00:39"
530,549,Online,"1988-03-20 21:25:39"
531,155,Online,"2012-11-10 05:42:43"
532,885,Cash,"2016-03-06 15:52:23"
533,721,Online,"2023-04-02 14:16:59"
534,958,"Credit Card","1996-01-22 08:47:29"
535,471,Cash,"2023-12-01 05:44:23"
536,191,Online,"2018-07-18 05:48:37"
537,607,"Credit Card","1997-03-24 19:14:41"
538,790,Online,"2020-02-19 23:46:28"
539,558,"Credit Card","1996-04-13 04:58:16"
540,665,Cash,"2022-08-21 05:16:52"
541,312,Online,"1985-07-15 01:09:57"
542,970,"Credit Card","2020-06-12 03:49:35"
543,258,Cash,"1998-12-02 12:11:44"
544,869,"Credit Card","1994-07-15 10:01:59"
545,693,Online,"1977-09-01 12:04:55"
546,709,"Credit Card","1978-05-03 05:07:02"
547,276,Online,"1999-04-04 14:40:00"
548,80,Online,"2021-02-13 00:11:44"
549,47,Online,"1980-12-27 21:44:04"
550,217,Cash,"1989-10-13 13:07:57"
551,603,Cash,"1985-09-19 06:57:16"
552,638,Online,"2011-08-26 20:09:17"
553,454,Cash,"2000-01-28 23:33:16"
554,966,Online,"2008-08-09 03:24:31"
555,743,Cash,"2011-11-17 17:52:54"
556,884,Online,"2013-05-18 04:49:24"
557,203,"Credit Card","2009-12-26 01:38:31"
558,957,Cash,"1974-03-19 23:02:26"
559,192,Online,"1992-10-07 06:58:10"
560,452,Online,"2007-12-18 21:25:07"
561,204,Online,"2009-06-24 04:21:08"
562,806,Online,"2000-04-17 17:11:08"
563,341,Online,"1972-04-15 22:14:28"
564,714,"Credit Card","1987-06-28 02:54:36"
565,810,Online,"2009-03-31 01:05:57"
566,813,Online,"1980-05-11 23:11:00"
567,945,Cash,"1994-11-19 15:39:07"
568,355,Cash,"1977-09-10 18:07:23"
569,17,Cash,"1995-06-28 22:45:00"
570,452,"Credit Card","1973-03-01 07:12:53"
571,838,"Credit Card","1991-11-27 00:28:34"
572,683,Cash,"1977-08-24 16:35:30"
573,396,Cash,"2011-12-14 05:19:14"
574,501,"Credit Card","2010-12-25 13:42:19"
575,283,Cash,"1988-01-11 00:14:42"
576,95,Cash,"2001-07-08 14:30:36"
577,626,Cash,"1972-03-11 15:40:03"
578,268,Online,"2009-03-06 02:37:43"
579,804,Cash,"1978-04-30 11:13:47"
580,499,Cash,"1992-04-15 12:27:07"
581,257,"Credit Card","1994-06-10 14:43:57"
582,291,"Credit Card","1998-12-17 00:51:30"
583,856,"Credit Card","1992-02-18 08:53:08"
584,129,Online,"2005-08-22 08:11:44"
585,334,"Credit Card","1976-10-04 16:44:46"
586,888,Cash,"1997-09-25 21:29:49"
587,721,Online,"1981-07-27 15:57:51"
588,521,Online,"1977-04-30 18:18:17"
589,318,Cash,"1994-11-27 22:17:53"
590,64,Online,"1998-03-06 10:49:04"
591,876,"Credit Card","1970-12-14 19:44:16"
592,921,Cash,"2002-07-19 19:20:55"
593,187,Cash,"2003-10-15 08:16:13"
594,666,"Credit Card","2019-08-02 00:21:43"
595,434,Cash,"2003-06-01 10:46:18"
596,937,Cash,"1993-07-19 09:33:57"
597,816,Online,"2023-10-09 04:26:53"
598,504,Online,"2011-04-22 22:33:59"
599,432,Cash,"1975-04-05 02:40:41"
600,853,Cash,"2003-04-16 15:42:44"
601,29,Cash,"2011-04-17 16:16:11"
602,782,Cash,"1993-07-22 13:59:06"
603,640,"Credit Card","1981-01-16 11:43:43"
604,231,Cash,"1996-01-30 03:27:55"
605,815,"Credit Card","1989-10-08 17:43:12"
606,417,"Credit Card","1994-10-05 13:10:16"
607,744,Cash,"1995-06-03 17:29:23"
608,854,Online,"2021-01-07 13:27:18"
609,472,Cash,"1991-08-19 02:43:51"
610,972,Cash,"1986-01-19 02:58:10"
611,26,Online,"1979-11-08 12:19:05"
612,462,"Credit Card","1998-01-31 21:47:09"
613,527,"Credit Card","2004-10-10 18:13:33"
614,224,"Credit Card","1970-11-25 10:08:12"
615,229,Online,"2018-09-06 23:09:08"
616,344,Online,"1988-08-16 10:13:46"
617,850,Online,"1981-12-28 04:24:07"
618,865,Cash,"2011-08-26 01:45:25"
619,713,"Credit Card","1972-10-23 21:51:07"
620,94,"Credit Card","2008-11-26 09:17:28"
621,415,Online,"1989-02-01 12:15:34"
622,577,"Credit Card","1992-01-17 20:01:56"
623,886,"Credit Card","1990-01-28 19:20:02"
624,303,Cash,"1984-02-14 13:45:20"
625,633,Online,"2010-08-18 19:50:00"
626,421,Online,"1982-06-07 18:14:45"
627,82,Cash,"2022-07-05 15:55:44"
628,97,"Credit Card","2011-05-26 13:30:30"
629,633,Cash,"1986-06-26 02:55:49"
630,237,Online,"1980-12-02 16:55:53"
631,280,"Credit Card","2008-09-18 21:31:20"
632,314,"Credit Card","2008-12-12 15:59:47"
633,704,Cash,"2001-01-03 20:33:06"
634,959,Online,"1981-06-12 01:42:17"
635,232,Online,"2014-11-30 15:58:35"
636,112,Online,"1982-09-24 05:56:31"
637,494,"Credit Card","2003-09-20 21:26:02"
638,312,Online,"1986-11-10 22:30:47"
639,519,Online,"2012-01-19 16:17:32"
640,664,Cash,"1984-12-01 01:23:41"
641,390,"Credit Card","1980-05-21 18:28:31"
642,19,"Credit Card","2015-10-10 16:30:50"
643,895,Online,"1974-04-04 09:46:38"
644,202,Cash,"1995-10-19 00:42:04"
645,834,"Credit Card","2020-05-04 23:26:31"
646,209,Online,"2010-12-23 22:37:19"
647,191,Online,"1977-11-11 04:03:48"
648,792,"Credit Card","2002-02-26 10:19:42"
649,732,Online,"1990-12-11 21:44:20"
650,190,Cash,"1973-06-08 19:08:50"
651,305,Online,"2010-01-05 04:40:04"
652,47,Online,"1970-05-16 10:36:06"
653,218,"Credit Card","2018-09-27 15:00:49"
654,178,"Credit Card","2007-03-22 21:16:54"
655,8,Cash,"1973-10-18 19:08:26"
656,411,Cash,"1972-10-14 10:47:12"
657,863,Online,"2008-08-14 06:31:19"
658,715,Online,"1986-04-30 04:26:48"
659,449,"Credit Card","1973-10-06 21:47:13"
660,154,"Credit Card","2007-05-07 14:35:00"
661,763,Cash,"1994-12-20 17:41:09"
662,822,"Credit Card","2016-08-25 05:50:55"
663,525,Cash,"1980-08-11 05:21:12"
664,228,Online,"2011-01-04 21:44:50"
665,688,Cash,"1987-03-17 01:18:48"
666,472,"Credit Card","1988-01-29 20:52:01"
667,860,Online,"2023-03-03 16:11:29"
668,657,"Credit Card","1973-04-07 04:51:15"
669,404,Online,"1999-07-15 09:35:01"
670,811,Cash,"1978-02-17 08:16:16"
671,233,"Credit Card","1991-07-17 07:41:21"
672,728,"Credit Card","2022-09-05 06:53:56"
673,767,Cash,"2016-03-30 14:58:19"
674,529,Online,"1985-03-27 09:03:14"
675,829,Online,"1987-10-28 19:39:34"
676,644,"Credit Card","2014-04-27 22:27:04"
677,246,"Credit Card","1976-01-23 12:33:24"
678,843,Online,"1996-04-23 19:00:45"
679,978,Cash,"1991-04-25 06:05:58"
680,870,Cash,"1974-05-23 17:52:30"
681,337,Online,"2011-01-24 05:24:20"
682,883,"Credit Card","1997-06-24 16:14:18"
683,828,Cash,"1975-02-08 01:06:10"
684,978,Online,"1990-10-04 19:56:19"
685,790,Online,"2015-09-06 15:59:47"
686,387,Online,"1973-02-03 08:24:27"
687,234,Online,"2011-04-04 02:09:53"
688,130,"Credit Card","1978-09-25 09:14:52"
689,497,Cash,"2002-08-17 21:28:28"
690,238,Online,"2013-09-26 14:12:45"
691,901,"Credit Card","1984-01-03 02:31:36"
692,47,"Credit Card","1993-06-17 16:12:28"
693,664,"Credit Card","1988-03-29 00:37:46"
694,132,Online,"1976-12-23 16:00:04"
695,163,Online,"1976-02-14 07:24:19"
696,848,Online,"1987-08-29 13:52:24"
697,904,Cash,"1979-06-23 03:07:10"
698,469,Cash,"1980-01-08 19:00:34"
699,157,Online,"1977-05-25 10:47:28"
700,584,Online,"1985-09-07 08:16:28"
701,422,Cash,"2011-03-19 13:08:56"
702,216,Online,"1974-04-10 16:04:32"
703,771,Cash,"1986-09-29 18:27:28"
704,115,Online,"2012-06-01 01:29:31"
705,153,Cash,"2004-04-10 11:40:19"
706,539,"Credit Card","2021-12-12 14:35:19"
707,701,"Credit Card","2001-03-19 09:58:31"
708,248,"Credit Card","1980-05-10 15:32:08"
709,524,Cash,"2018-09-19 10:50:32"
710,444,"Credit Card","1977-01-07 16:28:22"
711,972,Online,"2016-03-09 17:03:35"
712,931,"Credit Card","1989-03-10 06:24:49"
713,172,Online,"1998-10-23 08:38:34"
714,663,"Credit Card","2006-02-27 19:03:56"
715,270,Online,"2014-06-19 18:58:15"
716,242,Online,"1991-05-18 10:06:59"
717,58,Online,"1991-05-19 17:04:06"
718,928,Cash,"1992-01-14 07:41:51"
719,413,Cash,"1989-08-12 19:40:53"
720,43,Online,"2001-04-19 17:04:50"
721,513,Online,"1972-01-25 01:39:16"
722,271,"Credit Card","1998-12-22 17:07:03"
723,668,Cash,"2023-02-23 11:18:58"
724,616,Online,"1990-09-10 08:43:28"
725,73,"Credit Card","2005-06-25 08:20:26"
726,206,"Credit Card","2003-01-14 20:20:17"
727,478,Cash,"1995-07-18 13:35:49"
728,6,Online,"2001-04-02 04:38:05"
729,206,Online,"1973-12-09 08:12:04"
730,963,Online,"1981-09-22 17:05:12"
731,676,"Credit Card","2012-10-31 12:33:18"
732,723,Cash,"1972-12-01 12:22:27"
733,2,Online,"1983-06-15 09:12:58"
734,614,"Credit Card","2004-01-18 12:29:50"
735,834,"Credit Card","2000-04-28 08:30:19"
736,808,Cash,"1995-06-21 00:33:11"
737,699,Cash,"2011-11-18 00:58:19"
738,883,"Credit Card","1983-11-28 01:37:08"
739,833,"Credit Card","2000-04-25 23:32:26"
740,584,"Credit Card","1978-09-01 19:50:40"
741,266,"Credit Card","1979-05-31 01:30:33"
742,236,Online,"1995-03-31 17:20:27"
743,645,Online,"1973-10-04 22:30:30"
744,24,Online,"1970-01-01 13:32:42"
745,21,"Credit Card","2008-07-05 12:39:05"
746,977,Online,"2022-03-17 20:43:27"
747,409,Cash,"1984-02-20 19:25:13"
748,381,Online,"1973-10-27 17:00:39"
749,679,Cash,"2018-03-25 23:34:05"
750,561,"Credit Card","2020-07-24 09:50:45"
751,28,"Credit Card","1997-11-26 06:31:10"
752,442,Cash,"1994-02-17 01:55:53"
753,716,"Credit Card","2005-08-16 08:53:54"
754,99,"Credit Card","1992-06-11 08:52:25"
755,402,Cash,"1996-09-17 02:47:09"
756,384,"Credit Card","2001-01-26 11:35:31"
757,53,Cash,"2015-11-05 00:10:31"
758,867,"Credit Card","2009-02-27 07:00:05"
759,651,Online,"2014-04-19 00:58:06"
760,68,Cash,"1982-07-20 18:45:26"
761,486,"Credit Card","1990-07-10 13:00:46"
762,707,Cash,"1980-08-25 12:26:49"
763,25,Cash,"1999-05-21 21:48:37"
764,122,Online,"1990-10-17 20:11:51"
765,93,Cash,"1972-10-29 23:58:05"
766,227,"Credit Card","1995-04-09 00:26:20"
767,168,Online,"1970-05-27 16:11:01"
768,120,"Credit Card","2023-07-14 11:53:09"
769,169,Cash,"1998-07-18 05:57:21"
770,264,Online,"2004-01-09 08:11:08"
771,736,Online,"2013-06-18 13:43:55"
772,956,Online,"1984-10-06 15:30:29"
773,265,"Credit Card","1992-11-28 15:21:49"
774,362,Cash,"2008-02-09 05:39:12"
775,625,Online,"1997-09-25 09:51:54"
776,162,Cash,"1987-08-01 01:35:33"
777,138,Online,"1980-01-03 19:04:38"
778,284,Cash,"1974-01-20 19:16:39"
779,350,Cash,"1984-04-20 07:20:15"
780,645,Online,"2013-10-09 07:53:34"
781,89,Cash,"2009-03-23 14:23:16"
782,319,Online,"1981-01-12 22:04:17"
783,224,Cash,"1974-09-05 21:32:46"
784,851,Cash,"2021-04-04 14:19:08"
785,856,Cash,"2009-12-08 13:11:48"
786,244,"Credit Card","1992-11-15 02:39:05"
787,428,Cash,"1978-12-16 02:35:26"
788,45,"Credit Card","1973-03-15 01:24:09"
789,245,Online,"2006-10-31 21:50:49"
790,261,"Credit Card","1973-04-07 04:20:10"
791,885,Cash,"1999-01-25 23:29:40"
792,216,Online,"1995-08-29 16:31:49"
793,416,Cash,"1977-01-31 21:56:47"
794,878,Cash,"2013-11-07 08:57:45"
795,708,"Credit Card","2004-10-02 00:07:37"
796,710,Cash,"2007-01-24 02:00:14"
797,959,"Credit Card","1974-05-14 15:01:21"
798,246,Cash,"1977-08-01 11:02:32"
799,615,"Credit Card","2005-09-02 07:59:11"
800,117,"Credit Card","2020-05-21 06:34:27"
801,701,"Credit Card","1990-07-08 03:13:10"
802,26,Cash,"2014-06-12 04:06:06"
803,727,Online,"2005-03-09 09:08:07"
804,445,Cash,"1994-03-11 20:18:57"
805,718,Online,"1979-11-18 08:58:43"
806,317,Online,"1987-10-24 04:47:22"
807,564,Cash,"1976-10-08 15:06:54"
808,175,"Credit Card","1974-08-14 02:21:14"
809,185,"Credit Card","1997-11-16 17:08:41"
810,122,Online,"2006-05-07 04:09:16"
811,985,"Credit Card","2009-05-18 10:59:47"
812,517,"Credit Card","1970-07-12 08:35:53"
813,604,"Credit Card","1981-01-18 10:06:02"
814,57,"Credit Card","1997-08-03 00:19:33"
815,80,Online,"2004-10-04 05:01:15"
816,72,"Credit Card","1995-05-12 07:09:08"
817,512,"Credit Card","1979-11-19 05:30:00"
818,542,"Credit Card","2009-09-15 17:30:39"
819,906,Cash,"2020-09-09 19:22:01"
820,274,"Credit Card","1996-09-03 17:30:27"
821,825,"Credit Card","2004-12-08 10:48:11"
822,955,"Credit Card","1987-08-19 05:49:25"
823,102,Cash,"2006-10-31 04:42:45"
824,890,Cash,"2002-07-03 07:41:27"
825,692,Online,"2012-08-07 11:25:12"
826,223,"Credit Card","2005-10-09 11:34:24"
827,834,Online,"1972-05-20 07:33:02"
828,610,Cash,"2008-03-04 00:39:05"
829,397,Online,"2009-07-20 06:46:44"
830,34,"Credit Card","1994-02-24 21:34:03"
831,128,Online,"1999-12-24 03:30:52"
832,711,Online,"1975-02-28 09:30:07"
833,300,Online,"1976-09-14 16:38:26"
834,663,"Credit Card","1986-04-06 21:12:58"
835,561,"Credit Card","1995-06-01 09:09:55"
836,441,Cash,"1998-11-27 13:54:39"
837,682,"Credit Card","1988-04-09 11:00:37"
838,277,"Credit Card","1998-11-02 15:10:33"
839,863,Online,"1977-09-20 11:23:09"
840,650,Cash,"2019-08-24 03:12:25"
841,16,Cash,"1979-11-02 20:27:50"
842,393,Cash,"1974-06-08 19:17:02"
843,59,"Credit Card","2016-01-29 10:08:02"
844,484,Cash,"1972-06-15 15:17:04"
845,195,"Credit Card","2017-09-23 03:26:37"
846,866,Online,"2003-07-24 18:27:02"
847,453,"Credit Card","2006-04-03 22:59:30"
848,917,Online,"1970-05-17 06:42:43"
849,381,"Credit Card","1980-05-31 13:29:43"
850,969,Cash,"1985-09-06 12:05:55"
851,170,"Credit Card","2002-03-28 05:40:38"
852,897,Cash,"1989-07-10 00:07:18"
853,51,Online,"1973-12-12 22:40:04"
854,616,Cash,"1977-11-26 17:09:49"
855,639,Cash,"1982-03-23 12:55:45"
856,366,Cash,"1990-06-02 18:50:29"
857,229,Cash,"2011-06-01 08:44:12"
858,924,"Credit Card","2011-03-23 18:37:50"
859,233,Cash,"1997-01-11 20:37:28"
860,799,"Credit Card","1975-06-30 07:17:55"
861,346,"Credit Card","1986-07-23 00:53:16"
862,375,Online,"1989-09-14 03:27:41"
863,608,"Credit Card","2017-09-14 22:31:32"
864,436,Online,"2023-03-17 15:51:52"
865,162,Cash,"1990-07-17 23:47:47"
866,978,Cash,"1979-10-30 03:07:10"
867,170,Cash,"1990-03-05 16:06:41"
868,706,"Credit Card","1995-02-26 11:47:37"
869,861,Cash,"2018-09-01 12:01:43"
870,477,Cash,"1973-04-24 16:30:17"
871,380,Online,"2002-08-13 16:44:48"
872,922,"Credit Card","2001-08-21 09:18:35"
873,136,Online,"2003-04-06 00:26:49"
874,232,Cash,"1992-09-21 19:12:35"
875,220,"Credit Card","2023-07-04 03:35:37"
876,957,Cash,"2002-08-25 10:12:38"
877,38,Online,"1980-07-09 20:07:04"
878,410,"Credit Card","1986-08-24 15:31:15"
879,591,Cash,"2018-04-12 11:29:54"
880,88,Cash,"1989-06-07 20:53:38"
881,641,Cash,"1974-03-05 05:55:24"
882,707,Online,"2003-02-05 18:11:01"
883,512,Online,"2019-03-10 10:29:22"
884,731,Cash,"1998-07-14 01:16:37"
885,754,"Credit Card","1996-02-28 12:47:37"
886,372,"Credit Card","2015-09-04 17:49:13"
887,24,Cash,"2012-09-15 00:25:29"
888,100,"Credit Card","2002-11-29 00:55:06"
889,440,"Credit Card","1997-10-05 21:55:22"
890,703,Online,"2019-08-26 02:06:15"
891,225,Cash,"1987-03-21 07:45:18"
892,553,Online,"2005-10-24 07:51:07"
893,891,"Credit Card","2017-10-11 02:27:12"
894,327,"Credit Card","1985-09-28 03:27:10"
895,160,"Credit Card","1976-05-10 11:39:01"
896,384,Online,"2006-03-20 22:08:57"
897,153,"Credit Card","2022-05-14 06:06:11"
898,320,"Credit Card","1978-10-10 07:28:28"
899,101,Online,"1970-08-10 01:44:41"
900,967,"Credit Card","1977-02-19 18:08:00"
901,226,Cash,"1978-05-23 10:03:16"
902,406,Online,"1992-09-06 02:54:02"
903,613,Cash,"1997-01-12 22:05:10"
904,780,Online,"1982-02-21 02:52:28"
905,876,Online,"2012-12-23 15:58:07"
906,885,Cash,"1991-08-27 23:57:45"
907,507,Cash,"1975-05-28 14:48:14"
908,175,Cash,"2003-06-02 15:46:17"
909,642,"Credit Card","1980-09-11 11:16:48"
910,998,Cash,"2007-02-18 19:37:50"
911,788,Cash,"1998-08-26 10:41:02"
912,679,Cash,"1986-07-12 08:54:09"
913,10,Online,"2004-05-17 18:59:17"
914,457,Online,"2004-03-26 17:16:13"
915,932,Cash,"1987-01-04 00:42:01"
916,256,Cash,"1986-01-29 17:47:32"
917,96,"Credit Card","2015-08-20 01:25:42"
918,411,"Credit Card","1977-08-02 18:17:15"
919,649,Cash,"2020-07-20 10:27:58"
920,663,Online,"2017-05-15 17:01:57"
921,875,Online,"2021-07-31 07:51:18"
922,562,Online,"1981-04-30 08:31:59"
923,414,Cash,"2008-01-15 06:56:01"
924,59,Online,"1998-02-15 15:28:25"
925,364,"Credit Card","1999-10-26 15:30:52"
926,457,"Credit Card","2018-04-09 13:24:10"
927,578,Cash,"1980-11-14 16:55:21"
928,52,Cash,"1986-08-16 10:05:50"
929,209,"Credit Card","1973-08-03 17:59:33"
930,349,"Credit Card","2011-06-22 20:26:42"
931,905,Online,"1992-04-12 13:58:08"
932,657,"Credit Card","2010-12-23 07:13:29"
933,138,Cash,"2011-05-31 04:48:00"
934,797,Online,"1996-03-23 02:26:27"
935,761,"Credit Card","1999-07-21 12:15:46"
936,217,"Credit Card","1974-04-30 15:22:01"
937,645,"Credit Card","2009-02-04 04:48:50"
938,677,Cash,"2009-05-02 04:07:02"
939,975,"Credit Card","1984-06-19 18:01:52"
940,349,"Credit Card","2008-03-03 21:03:31"
941,528,Cash,"2006-09-08 18:56:00"
942,375,Online,"1987-04-30 02:10:05"
943,699,Online,"1970-07-14 12:03:09"
944,137,"Credit Card","1979-05-29 10:00:53"
945,339,Cash,"1989-12-30 12:04:47"
946,823,Online,"1986-05-31 13:01:27"
947,118,"Credit Card","2006-07-01 03:13:50"
948,48,Online,"2011-03-22 00:17:22"
949,828,"Credit Card","2014-12-08 17:52:11"
950,44,Online,"1970-07-19 06:40:33"
951,862,Cash,"2001-10-05 18:50:06"
952,652,Cash,"1972-01-15 21:12:38"
953,45,Online,"2020-08-01 19:50:45"
954,423,Cash,"1998-12-07 03:07:49"
955,549,Cash,"2015-08-17 17:43:28"
956,419,Cash,"1971-09-20 22:51:56"
957,881,Cash,"1986-06-02 19:36:44"
958,932,Cash,"2008-12-04 04:08:26"
959,500,Cash,"1999-01-26 09:28:19"
960,124,Cash,"1973-10-26 16:39:13"
961,448,Cash,"2010-12-18 18:49:56"
962,683,Online,"1980-10-27 00:15:28"
963,417,"Credit Card","1983-08-08 17:22:12"
964,230,Online,"1995-03-05 02:10:01"
965,761,"Credit Card","1977-01-14 15:31:42"
966,114,Online,"1998-06-21 05:36:11"
967,866,Online,"1981-05-28 23:10:22"
968,597,Cash,"1981-06-13 19:56:00"
969,299,"Credit Card","1974-09-18 02:06:06"
970,795,"Credit Card","1976-08-25 09:00:20"
971,258,Cash,"1988-02-12 10:30:03"
972,910,"Credit Card","1983-02-24 00:05:33"
973,663,Cash,"1992-12-11 06:25:20"
974,201,"Credit Card","1990-02-01 19:18:48"
975,275,"Credit Card","1982-07-19 09:56:15"
976,649,Online,"1989-12-24 12:47:09"
977,863,Cash,"2012-01-09 05:05:40"
978,830,"Credit Card","1991-04-12 15:49:26"
979,205,Cash,"2004-01-25 05:56:52"
980,65,Cash,"1979-03-03 10:12:56"
981,503,Cash,"1984-11-29 20:55:17"
982,381,Cash,"1981-02-28 23:43:37"
983,365,"Credit Card","1997-08-21 04:26:55"
984,871,Cash,"2011-01-09 09:55:33"
985,939,Cash,"1988-05-18 06:04:35"
986,898,Online,"2023-12-26 18:00:21"
987,313,"Credit Card","1991-10-25 19:00:22"
988,884,Cash,"1993-05-26 12:21:53"
989,31,Cash,"2016-01-24 18:17:57"
990,280,Online,"1979-09-10 13:15:42"
991,85,"Credit Card","2012-07-31 13:03:29"
992,885,"Credit Card","1971-06-25 18:40:15"
993,616,"Credit Card","2012-12-26 14:59:06"
994,523,Cash,"1984-07-14 02:00:20"
995,94,"Credit Card","2022-06-03 21:16:10"
996,971,Online,"1999-04-24 19:27:09"
997,959,"Credit Card","1993-03-10 16:14:35"
998,826,"Credit Card","1977-03-13 13:33:12"
999,81,"Credit Card","1998-06-09 05:21:54"
1000,677,Online,"1999-10-22 05:36:34"
